id,naziv_ceremonije,datum_ceremonije,lokacija_ceremonije,kategorija_nagrade,film,dobitnik_ime,dobitnik_prezime,dobitnik_datumrod,ime_lika_u_filmu,redatelj
1,76th Academy awards,2004-02-29,Kodak theatre\, Los Angeles,Najbolji glumac,Mystic River,Sean,Penn,1960-08-17,Jimmy Markum,Clint Eastwood
2,76th Academy awards,2004-02-29,Kodak theatre\, Los Angeles,Najbolji sporedni glumac,Mystic River,Tim,Robbins,1958-10-16,Dave Boyle,Clint Eastwood
3,76th Academy awards,2004-02-29,Kodak theatre\, Los Angeles,Najbolja glumica,Monster,Charlize,Theron,1975-08-07,Alien Wuornos,Patty Jenkins
4,76th Academy awards,2004-02-29,Kodak theatre\, Los Angeles,Najbolja sporedna glumica,Cold mountain,Ren√©e ,Zellweger ,1969-04-25,Ruby Thewes,Anthony Minghella
5,77th Academy awards,2005-02-27,Kodak theatre\, Los Angeles,Najbolji glumac,Ray,Jamie,Fox,1967-12-13,Ray Charles,Taylor Hackford
6,77th Academy awards,2005-02-27,Kodak theatre\, Los Angeles,Najbolji sporedni glumac,Million Dollar Baby,Morgan,Freeman,1937-06-01,Eddie Scrap-Iron Duprist,Clint Eastwood
7,77th Academy awards,2005-02-27,Kodak theatre\, Los Angeles,Najbolja glumica,Million Dollar Baby,Hillary,Swank,1974-06-30,Margaret Maggie Fitzgerald,Clint Eastwood
8,77th Academy awards,2005-02-27,Kodak theatre\, Los Angeles,Najbolja sporedna glumica,The Aviator,Cate,Blanchett,1969-05-14,Katherine Hepburn,Martin Scorsese
9,78th Academy awards,2006-04-05,Kodak theatre\, Los Angeles,Najbolji glumac,Capote,Phillip Seymour,Hoffman,1967-06-23,Truman Capote,Bennet Miller
10,78th Academy awards,2006-04-05,Kodak theatre\, Los Angeles,Najbolji sporedni glumac,Syriana,George,Clooney,1961-05-06,Bob Barnest,Stephen Gaghan
902,a,a,a,a,a,a,a,a,a,a
11,78th Academy awards,2006-04-05,Kodak theatre\, Los Angeles,Najbolja glumica,Walk the line,Reese,Whiterspoon,1976-04-22,June Carter Cash,James Mangold
